<?xml version="1.0" encoding="UTF-8"?>
<configuration>
	<include resource="org/springframework/boot/logging/logback/defaults.xml" />
	<include resource="org/springframework/boot/logging/logback/console-appender.xml" />
	<logger name="org.springframework" level="INFO" />
	<logger name="jdbc.sqlonly" level="INFO" />    			<!-- SQL문만을 로그로 남기며, PreparedStatement일 경우 관련된 argument 값으로 대체된 SQL문이 보여진다. -->
	<logger name="jdbc.sqltiming" level="DEBUG" />    		<!-- SQL문과 해당 SQL을 실행시키는데 수행된 시간 정보(milliseconds)를 포함한다. -->
	<logger name="jdbc.audit" level="ERROR" />    			<!-- ResultSet을 제외한 모든 JDBC 호출 정보를 로그로 남긴다. 많은 양의 로그가 생성되므로 특별히 JDBC 문제를 추적해야 할 필요가 있는 경우를 제외하고는 사용을 권장하지 않는다. -->
	<logger name="jdbc.resultset" level="ERROR" /> 			<!-- ResultSet을 포함한 모든 JDBC 호출 정보를 로그로 남기므로 매우 방대한 양의 로그가 생성된다. -->
	<logger name="com.github.sejoung" level="DEBUG" />
	<root level="INFO">
		<appender-ref ref="CONSOLE" />
	</root>
</configuration>
